[
  {
    "name": "Afghanistan",
    "isoCountryCode": "af",
    "countryPhoneCode": "+93"
  },
  {
    "name": "Albania",
    "isoCountryCode": "al",
    "countryPhoneCode": "+355"
  },
  {
    "name": "Algeria",
    "isoCountryCode": "dz",
    "countryPhoneCode": "+213"
  },
  {
    "name": "American Samoa",
    "isoCountryCode": "as",
    "countryPhoneCode": "+1684"
  },
  {
    "name": "Andorra",
    "isoCountryCode": "ad",
    "countryPhoneCode": "+376"
  },
  {
    "name": "Angola",
    "isoCountryCode": "ao",
    "countryPhoneCode": "+244"
  },
  {
    "name": "Anguilla",
    "isoCountryCode": "ai",
    "countryPhoneCode": "+1264"
  },
  {
    "name": "Antigua and Barbuda",
    "isoCountryCode": "ag",
    "countryPhoneCode": "+1268"
  },
  {
    "name": "Argentina",
    "isoCountryCode": "ar",
    "countryPhoneCode": "+54"
  },
  {
    "name": "Armenia",
    "isoCountryCode": "am",
    "countryPhoneCode": "+374"
  },
  {
    "name": "Aruba",
    "isoCountryCode": "aw",
    "countryPhoneCode": "+297"
  },
  {
    "name": "Australia",
    "isoCountryCode": "au",
    "countryPhoneCode": "+61"
  },
  {
    "name": "Austria",
    "isoCountryCode": "at",
    "countryPhoneCode": "+43"
  },
  {
    "name": "Azerbaijan",
    "isoCountryCode": "az",
    "countryPhoneCode": "+994"
  },
  {
    "name": "Bahamas",
    "isoCountryCode": "bs",
    "countryPhoneCode": "+1242"
  },
  {
    "name": "Bahrain",
    "isoCountryCode": "bh",
    "countryPhoneCode": "+973"
  },
  {
    "name": "Bangladesh",
    "isoCountryCode": "bd",
    "countryPhoneCode": "+880"
  },
  {
    "name": "Barbados",
    "isoCountryCode": "bb",
    "countryPhoneCode": "+1246"
  },
  {
    "name": "Belarus",
    "isoCountryCode": "by",
    "countryPhoneCode": "+375"
  },
  {
    "name": "Belgium",
    "isoCountryCode": "be",
    "countryPhoneCode": "+32"
  },
  {
    "name": "Belize",
    "isoCountryCode": "bz",
    "countryPhoneCode": "+501"
  },
  {
    "name": "Benin",
    "isoCountryCode": "bj",
    "countryPhoneCode": "+229"
  },
  {
    "name": "Bermuda",
    "isoCountryCode": "bm",
    "countryPhoneCode": "+1441"
  },
  {
    "name": "Bhutan",
    "isoCountryCode": "bt",
    "countryPhoneCode": "+975"
  },
  {
    "name": "Bolivia",
    "isoCountryCode": "bo",
    "countryPhoneCode": "+591"
  },
  {
    "name": "Bosnia and Herzegovina",
    "isoCountryCode": "ba",
    "countryPhoneCode": "+387"
  },
  {
    "name": "Botswana",
    "isoCountryCode": "bw",
    "countryPhoneCode": "+267"
  },
  {
    "name": "Brazil",
    "isoCountryCode": "br",
    "countryPhoneCode": "+55"
  },
  {
    "name": "British Indian Ocean Territory",
    "isoCountryCode": "io",
    "countryPhoneCode": "+246"
  },
  {
    "name": "British Virgin Islands",
    "isoCountryCode": "vg",
    "countryPhoneCode": "+1284"
  },
  {
    "name": "Brunei",
    "isoCountryCode": "bn",
    "countryPhoneCode": "+673"
  },
  {
    "name": "Bulgaria",
    "isoCountryCode": "bg",
    "countryPhoneCode": "+359"
  },
  {
    "name": "Burkina Faso",
    "isoCountryCode": "bf",
    "countryPhoneCode": "+226"
  },
  {
    "name": "Burundi",
    "isoCountryCode": "bi",
    "countryPhoneCode": "+257"
  },
  {
    "name": "Cambodia",
    "isoCountryCode": "kh",
    "countryPhoneCode": "+855"
  },
  {
    "name": "Cameroon",
    "isoCountryCode": "cm",
    "countryPhoneCode": "+237"
  },
  {
    "name": "Canada",
    "isoCountryCode": "ca",
    "countryPhoneCode": "+1"
  },
  {
    "name": "Cape Verde",
    "isoCountryCode": "cv",
    "countryPhoneCode": "+238"
  },
  {
    "name": "Caribbean Netherlands",
    "isoCountryCode": "bq",
    "countryPhoneCode": "+599"
  },
  {
    "name": "Cayman Islands",
    "isoCountryCode": "ky",
    "countryPhoneCode": "+1345"
  },
  {
    "name": "Central African Republic",
    "isoCountryCode": "cf",
    "countryPhoneCode": "+236"
  },
  {
    "name": "Chad",
    "isoCountryCode": "td",
    "countryPhoneCode": "+235"
  },
  {
    "name": "Chile",
    "isoCountryCode": "cl",
    "countryPhoneCode": "+56"
  },
  {
    "name": "China",
    "isoCountryCode": "cn",
    "countryPhoneCode": "+86"
  },
  {
    "name": "Colombia",
    "isoCountryCode": "co",
    "countryPhoneCode": "+57"
  },
  {
    "name": "Comoros",
    "isoCountryCode": "km",
    "countryPhoneCode": "+269"
  },
  {
    "name": "Congo (DRC)",
    "isoCountryCode": "cd",
    "countryPhoneCode": "+243"
  },
  {
    "name": "Congo (Republic)",
    "isoCountryCode": "cg",
    "countryPhoneCode": "+242"
  },
  {
    "name": "Cook Islands",
    "isoCountryCode": "ck",
    "countryPhoneCode": "+682"
  },
  {
    "name": "Costa Rica",
    "isoCountryCode": "cr",
    "countryPhoneCode": "+506"
  },
  {
    "name": "CÃ´te dâ€™Ivoire",
    "isoCountryCode": "ci",
    "countryPhoneCode": "+225"
  },
  {
    "name": "Croatia",
    "isoCountryCode": "hr",
    "countryPhoneCode": "+385"
  },
  {
    "name": "Cuba",
    "isoCountryCode": "cu",
    "countryPhoneCode": "+53"
  },
  {
    "name": "CuraÃ§ao",
    "isoCountryCode": "cw",
    "countryPhoneCode": "+599"
  },
  {
    "name": "Cyprus",
    "isoCountryCode": "cy",
    "countryPhoneCode": "+357"
  },
  {
    "name": "Czech Republic",
    "isoCountryCode": "cz",
    "countryPhoneCode": "+420"
  },
  {
    "name": "Denmark",
    "isoCountryCode": "dk",
    "countryPhoneCode": "+45"
  },
  {
    "name": "Djibouti",
    "isoCountryCode": "dj",
    "countryPhoneCode": "+253"
  },
  {
    "name": "Dominica",
    "isoCountryCode": "dm",
    "countryPhoneCode": "+1767"
  },
  {
    "name": "Dominican Republic",
    "isoCountryCode": "do",
    "countryPhoneCode": "+1"
  },
  {
    "name": "Ecuador",
    "isoCountryCode": "ec",
    "countryPhoneCode": "+593"
  },
  {
    "name": "Egypt",
    "isoCountryCode": "eg",
    "countryPhoneCode": "+20"
  },
  {
    "name": "El Salvador",
    "isoCountryCode": "sv",
    "countryPhoneCode": "+503"
  },
  {
    "name": "Equatorial Guinea",
    "isoCountryCode": "gq",
    "countryPhoneCode": "+240"
  },
  {
    "name": "Eritrea",
    "isoCountryCode": "er",
    "countryPhoneCode": "+291"
  },
  {
    "name": "Estonia",
    "isoCountryCode": "ee",
    "countryPhoneCode": "+372"
  },
  {
    "name": "Ethiopia",
    "isoCountryCode": "et",
    "countryPhoneCode": "+251"
  },
  {
    "name": "Falkland Islands",
    "isoCountryCode": "fk",
    "countryPhoneCode": "+500"
  },
  {
    "name": "Faroe Islands",
    "isoCountryCode": "fo",
    "countryPhoneCode": "+298"
  },
  {
    "name": "Fiji",
    "isoCountryCode": "fj",
    "countryPhoneCode": "+679"
  },
  {
    "name": "Finland",
    "isoCountryCode": "fi",
    "countryPhoneCode": "+358"
  },
  {
    "name": "France",
    "isoCountryCode": "fr",
    "countryPhoneCode": "+33"
  },
  {
    "name": "French Guiana",
    "isoCountryCode": "gf",
    "countryPhoneCode": "+594"
  },
  {
    "name": "French Polynesia",
    "isoCountryCode": "pf",
    "countryPhoneCode": "+689"
  },
  {
    "name": "Gabon",
    "isoCountryCode": "ga",
    "countryPhoneCode": "+241"
  },
  {
    "name": "Gambia",
    "isoCountryCode": "gm",
    "countryPhoneCode": "+220"
  },
  {
    "name": "Georgia",
    "isoCountryCode": "ge",
    "countryPhoneCode": "+995"
  },
  {
    "name": "Germany",
    "isoCountryCode": "de",
    "countryPhoneCode": "+49"
  },
  {
    "name": "Ghana",
    "isoCountryCode": "gh",
    "countryPhoneCode": "+233"
  },
  {
    "name": "Gibraltar",
    "isoCountryCode": "gi",
    "countryPhoneCode": "+350"
  },
  {
    "name": "Greece",
    "isoCountryCode": "gr",
    "countryPhoneCode": "+30"
  },
  {
    "name": "Greenland",
    "isoCountryCode": "gl",
    "countryPhoneCode": "+299"
  },
  {
    "name": "Grenada",
    "isoCountryCode": "gd",
    "countryPhoneCode": "+1473"
  },
  {
    "name": "Guadeloupe",
    "isoCountryCode": "gp",
    "countryPhoneCode": "+590"
  },
  {
    "name": "Guam",
    "isoCountryCode": "gu",
    "countryPhoneCode": "+1671"
  },
  {
    "name": "Guatemala",
    "isoCountryCode": "gt",
    "countryPhoneCode": "+502"
  },
  {
    "name": "Guinea",
    "isoCountryCode": "gn",
    "countryPhoneCode": "+224"
  },
  {
    "name": "Guinea-Bissau",
    "isoCountryCode": "gw",
    "countryPhoneCode": "+245"
  },
  {
    "name": "Guyana",
    "isoCountryCode": "gy",
    "countryPhoneCode": "+592"
  },
  {
    "name": "Haiti",
    "isoCountryCode": "ht",
    "countryPhoneCode": "+509"
  },
  {
    "name": "Honduras",
    "isoCountryCode": "hn",
    "countryPhoneCode": "+504"
  },
  {
    "name": "Hong Kong",
    "isoCountryCode": "hk",
    "countryPhoneCode": "+852"
  },
  {
    "name": "Hungary",
    "isoCountryCode": "hu",
    "countryPhoneCode": "+36"
  },
  {
    "name": "Iceland",
    "isoCountryCode": "is",
    "countryPhoneCode": "+354"
  },
  {
    "name": "India",
    "isoCountryCode": "in",
    "countryPhoneCode": "+91"
  },
  {
    "name": "Indonesia",
    "isoCountryCode": "id",
    "countryPhoneCode": "+62"
  },
  {
    "name": "Iran",
    "isoCountryCode": "ir",
    "countryPhoneCode": "+98"
  },
  {
    "name": "Iraq",
    "isoCountryCode": "iq",
    "countryPhoneCode": "+964"
  },
  {
    "name": "Ireland",
    "isoCountryCode": "ie",
    "countryPhoneCode": "+353"
  },
  {
    "name": "Israel",
    "isoCountryCode": "il",
    "countryPhoneCode": "+972"
  },
  {
    "name": "Italy",
    "isoCountryCode": "it",
    "countryPhoneCode": "+39"
  },
  {
    "name": "Jamaica",
    "isoCountryCode": "jm",
    "countryPhoneCode": "+1876"
  },
  {
    "name": "Japan",
    "isoCountryCode": "jp",
    "countryPhoneCode": "+81"
  },
  {
    "name": "Jordan",
    "isoCountryCode": "jo",
    "countryPhoneCode": "+962"
  },
  {
    "name": "Kazakhstan",
    "isoCountryCode": "kz",
    "countryPhoneCode": "+7"
  },
  {
    "name": "Kenya",
    "isoCountryCode": "ke",
    "countryPhoneCode": "+254"
  },
  {
    "name": "Kiribati",
    "isoCountryCode": "ki",
    "countryPhoneCode": "+686"
  },
  {
    "name": "Kuwait",
    "isoCountryCode": "kw",
    "countryPhoneCode": "+965"
  },
  {
    "name": "Kyrgyzstan",
    "isoCountryCode": "kg",
    "countryPhoneCode": "+996"
  },
  {
    "name": "Laos",
    "isoCountryCode": "la",
    "countryPhoneCode": "+856"
  },
  {
    "name": "Latvia",
    "isoCountryCode": "lv",
    "countryPhoneCode": "+371"
  },
  {
    "name": "Lebanon",
    "isoCountryCode": "lb",
    "countryPhoneCode": "+961"
  },
  {
    "name": "Lesotho",
    "isoCountryCode": "ls",
    "countryPhoneCode": "+266"
  },
  {
    "name": "Liberia",
    "isoCountryCode": "lr",
    "countryPhoneCode": "+231"
  },
  {
    "name": "Libya",
    "isoCountryCode": "ly",
    "countryPhoneCode": "+218"
  },
  {
    "name": "Liechtenstein",
    "isoCountryCode": "li",
    "countryPhoneCode": "+423"
  },
  {
    "name": "Lithuania",
    "isoCountryCode": "lt",
    "countryPhoneCode": "+370"
  },
  {
    "name": "Luxembourg",
    "isoCountryCode": "lu",
    "countryPhoneCode": "+352"
  },
  {
    "name": "Macau",
    "isoCountryCode": "mo",
    "countryPhoneCode": "+853"
  },
  {
    "name": "Macedonia",
    "isoCountryCode": "mk",
    "countryPhoneCode": "+389"
  },
  {
    "name": "Madagascar",
    "isoCountryCode": "mg",
    "countryPhoneCode": "+261"
  },
  {
    "name": "Malawi",
    "isoCountryCode": "mw",
    "countryPhoneCode": "+265"
  },
  {
    "name": "Malaysia",
    "isoCountryCode": "my",
    "countryPhoneCode": "+60"
  },
  {
    "name": "Maldives",
    "isoCountryCode": "mv",
    "countryPhoneCode": "+960"
  },
  {
    "name": "Mali",
    "isoCountryCode": "ml",
    "countryPhoneCode": "+223"
  },
  {
    "name": "Malta",
    "isoCountryCode": "mt",
    "countryPhoneCode": "+356"
  },
  {
    "name": "Marshall Islands",
    "isoCountryCode": "mh",
    "countryPhoneCode": "+692"
  },
  {
    "name": "Martinique",
    "isoCountryCode": "mq",
    "countryPhoneCode": "+596"
  },
  {
    "name": "Mauritania",
    "isoCountryCode": "mr",
    "countryPhoneCode": "+222"
  },
  {
    "name": "Mauritius",
    "isoCountryCode": "mu",
    "countryPhoneCode": "+230"
  },
  {
    "name": "Mexico",
    "isoCountryCode": "mx",
    "countryPhoneCode": "+52"
  },
  {
    "name": "Micronesia",
    "isoCountryCode": "fm",
    "countryPhoneCode": "+691"
  },
  {
    "name": "Moldova",
    "isoCountryCode": "md",
    "countryPhoneCode": "+373"
  },
  {
    "name": "Monaco",
    "isoCountryCode": "mc",
    "countryPhoneCode": "+377"
  },
  {
    "name": "Mongolia",
    "isoCountryCode": "mn",
    "countryPhoneCode": "+976"
  },
  {
    "name": "Montenegro",
    "isoCountryCode": "me",
    "countryPhoneCode": "+382"
  },
  {
    "name": "Montserrat",
    "isoCountryCode": "ms",
    "countryPhoneCode": "+1664"
  },
  {
    "name": "Morocco",
    "isoCountryCode": "ma",
    "countryPhoneCode": "+212"
  },
  {
    "name": "Mozambique",
    "isoCountryCode": "mz",
    "countryPhoneCode": "+258"
  },
  {
    "name": "Myanmar",
    "isoCountryCode": "mm",
    "countryPhoneCode": "+95"
  },
  {
    "name": "Namibia",
    "isoCountryCode": "na",
    "countryPhoneCode": "+264"
  },
  {
    "name": "Nauru",
    "isoCountryCode": "nr",
    "countryPhoneCode": "+674"
  },
  {
    "name": "Nepal",
    "isoCountryCode": "np",
    "countryPhoneCode": "+977"
  },
  {
    "name": "Netherlands",
    "isoCountryCode": "nl",
    "countryPhoneCode": "+31"
  },
  {
    "name": "New Caledonia",
    "isoCountryCode": "nc",
    "countryPhoneCode": "+687"
  },
  {
    "name": "New Zealand",
    "isoCountryCode": "nz",
    "countryPhoneCode": "+64"
  },
  {
    "name": "Nicaragua",
    "isoCountryCode": "ni",
    "countryPhoneCode": "+505"
  },
  {
    "name": "Niger",
    "isoCountryCode": "ne",
    "countryPhoneCode": "+227"
  },
  {
    "name": "Nigeria",
    "isoCountryCode": "ng",
    "countryPhoneCode": "+234"
  },
  {
    "name": "Niue",
    "isoCountryCode": "nu",
    "countryPhoneCode": "+683"
  },
  {
    "name": "Norfolk Island",
    "isoCountryCode": "nf",
    "countryPhoneCode": "+672"
  },
  {
    "name": "North Korea",
    "isoCountryCode": "kp",
    "countryPhoneCode": "+850"
  },
  {
    "name": "Northern Mariana Islands",
    "isoCountryCode": "mp",
    "countryPhoneCode": "+1670"
  },
  {
    "name": "Norway",
    "isoCountryCode": "no",
    "countryPhoneCode": "+47"
  },
  {
    "name": "Oman",
    "isoCountryCode": "om",
    "countryPhoneCode": "+968"
  },
  {
    "name": "Pakistan",
    "isoCountryCode": "pk",
    "countryPhoneCode": "+92"
  },
  {
    "name": "Palau",
    "isoCountryCode": "pw",
    "countryPhoneCode": "+680"
  },
  {
    "name": "Palestine",
    "isoCountryCode": "ps",
    "countryPhoneCode": "+970"
  },
  {
    "name": "Panama",
    "isoCountryCode": "pa",
    "countryPhoneCode": "+507"
  },
  {
    "name": "Papua New Guinea",
    "isoCountryCode": "pg",
    "countryPhoneCode": "+675"
  },
  {
    "name": "Paraguay",
    "isoCountryCode": "py",
    "countryPhoneCode": "+595"
  },
  {
    "name": "Peru",
    "isoCountryCode": "pe",
    "countryPhoneCode": "+51"
  },
  {
    "name": "Philippines",
    "isoCountryCode": "ph",
    "countryPhoneCode": "+63"
  },
  {
    "name": "Poland",
    "isoCountryCode": "pl",
    "countryPhoneCode": "+48"
  },
  {
    "name": "Portugal",
    "isoCountryCode": "pt",
    "countryPhoneCode": "+351"
  },
  {
    "name": "Puerto Rico",
    "isoCountryCode": "pr",
    "countryPhoneCode": "+1"
  },
  {
    "name": "Qatar",
    "isoCountryCode": "qa",
    "countryPhoneCode": "+974"
  },
  {
    "name": "RÃ©union",
    "isoCountryCode": "re",
    "countryPhoneCode": "+262"
  },
  {
    "name": "Romania",
    "isoCountryCode": "ro",
    "countryPhoneCode": "+40"
  },
  {
    "name": "Russia",
    "isoCountryCode": "ru",
    "countryPhoneCode": "+7"
  },
  {
    "name": "Rwanda",
    "isoCountryCode": "rw",
    "countryPhoneCode": "+250"
  },
  {
    "name": "Saint BarthÃ©lemy",
    "isoCountryCode": "bl",
    "countryPhoneCode": "+590"
  },
  {
    "name": "Saint Helena",
    "isoCountryCode": "sh",
    "countryPhoneCode": "+290"
  },
  {
    "name": "Saint Kitts and Nevis",
    "isoCountryCode": "kn",
    "countryPhoneCode": "+1869"
  },
  {
    "name": "Saint Lucia",
    "isoCountryCode": "lc",
    "countryPhoneCode": "+1758"
  },
  {
    "name": "Saint Martin",
    "isoCountryCode": "mf",
    "countryPhoneCode": "+590"
  },
  {
    "name": "Saint Pierre and Miquelon",
    "isoCountryCode": "pm",
    "countryPhoneCode": "+508"
  },
  {
    "name": "Saint Vincent and the Grenadines",
    "isoCountryCode": "vc",
    "countryPhoneCode": "+1784"
  },
  {
    "name": "Samoa",
    "isoCountryCode": "ws",
    "countryPhoneCode": "+685"
  },
  {
    "name": "San Marino",
    "isoCountryCode": "sm",
    "countryPhoneCode": "+378"
  },
  {
    "name": "SÃ£o TomÃ© and PrÃ­ncipe",
    "isoCountryCode": "st",
    "countryPhoneCode": "+239"
  },
  {
    "name": "Saudi Arabia",
    "isoCountryCode": "sa",
    "countryPhoneCode": "+966"
  },
  {
    "name": "Senegal",
    "isoCountryCode": "sn",
    "countryPhoneCode": "+221"
  },
  {
    "name": "Serbia",
    "isoCountryCode": "rs",
    "countryPhoneCode": "+381"
  },
  {
    "name": "Seychelles",
    "isoCountryCode": "sc",
    "countryPhoneCode": "+248"
  },
  {
    "name": "Sierra Leone",
    "isoCountryCode": "sl",
    "countryPhoneCode": "+232"
  },
  {
    "name": "Singapore",
    "isoCountryCode": "sg",
    "countryPhoneCode": "+65"
  },
  {
    "name": "Sint Maarten",
    "isoCountryCode": "sx",
    "countryPhoneCode": "+1721"
  },
  {
    "name": "Slovakia",
    "isoCountryCode": "sk",
    "countryPhoneCode": "+421"
  },
  {
    "name": "Slovenia",
    "isoCountryCode": "si",
    "countryPhoneCode": "+386"
  },
  {
    "name": "Solomon Islands",
    "isoCountryCode": "sb",
    "countryPhoneCode": "+677"
  },
  {
    "name": "Somalia",
    "isoCountryCode": "so",
    "countryPhoneCode": "+252"
  },
  {
    "name": "South Africa",
    "isoCountryCode": "za",
    "countryPhoneCode": "+27"
  },
  {
    "name": "South Korea",
    "isoCountryCode": "kr",
    "countryPhoneCode": "+82"
  },
  {
    "name": "South Sudan",
    "isoCountryCode": "ss",
    "countryPhoneCode": "+211"
  },
  {
    "name": "Spain",
    "isoCountryCode": "es",
    "countryPhoneCode": "+34"
  },
  {
    "name": "Sri Lanka",
    "isoCountryCode": "lk",
    "countryPhoneCode": "+94"
  },
  {
    "name": "Sudan",
    "isoCountryCode": "sd",
    "countryPhoneCode": "+249"
  },
  {
    "name": "Suriname",
    "isoCountryCode": "sr",
    "countryPhoneCode": "+597"
  },
  {
    "name": "Swaziland",
    "isoCountryCode": "sz",
    "countryPhoneCode": "+268"
  },
  {
    "name": "Sweden",
    "isoCountryCode": "se",
    "countryPhoneCode": "+46"
  },
  {
    "name": "Switzerland",
    "isoCountryCode": "ch",
    "countryPhoneCode": "+41"
  },
  {
    "name": "Syria",
    "isoCountryCode": "sy",
    "countryPhoneCode": "+963"
  },
  {
    "name": "Taiwan",
    "isoCountryCode": "tw",
    "countryPhoneCode": "+886"
  },
  {
    "name": "Tajikistan",
    "isoCountryCode": "tj",
    "countryPhoneCode": "+992"
  },
  {
    "name": "Tanzania",
    "isoCountryCode": "tz",
    "countryPhoneCode": "+255"
  },
  {
    "name": "Thailand",
    "isoCountryCode": "th",
    "countryPhoneCode": "+66"
  },
  {
    "name": "Timor-Leste",
    "isoCountryCode": "tl",
    "countryPhoneCode": "+670"
  },
  {
    "name": "Togo",
    "isoCountryCode": "tg",
    "countryPhoneCode": "+228"
  },
  {
    "name": "Tokelau",
    "isoCountryCode": "tk",
    "countryPhoneCode": "+690"
  },
  {
    "name": "Tonga",
    "isoCountryCode": "to",
    "countryPhoneCode": "+676"
  },
  {
    "name": "Trinidad and Tobago",
    "isoCountryCode": "tt",
    "countryPhoneCode": "+1868"
  },
  {
    "name": "Tunisia",
    "isoCountryCode": "tn",
    "countryPhoneCode": "+216"
  },
  {
    "name": "Turkey",
    "isoCountryCode": "tr",
    "countryPhoneCode": "+90"
  },
  {
    "name": "Turkmenistan",
    "isoCountryCode": "tm",
    "countryPhoneCode": "+993"
  },
  {
    "name": "Turks and Caicos Islands",
    "isoCountryCode": "tc",
    "countryPhoneCode": "+1649"
  },
  {
    "name": "Tuvalu",
    "isoCountryCode": "tv",
    "countryPhoneCode": "+688"
  },
  {
    "name": "U.S. Virgin Islands",
    "isoCountryCode": "vi",
    "countryPhoneCode": "+1340"
  },
  {
    "name": "Uganda",
    "isoCountryCode": "ug",
    "countryPhoneCode": "+256"
  },
  {
    "name": "Ukraine",
    "isoCountryCode": "ua",
    "countryPhoneCode": "+380"
  },
  {
    "name": "United Arab Emirates",
    "isoCountryCode": "ae",
    "countryPhoneCode": "+971"
  },
  {
    "name": "United Kingdom",
    "isoCountryCode": "gb",
    "countryPhoneCode": "+44"
  },
  {
    "name": "United States",
    "isoCountryCode": "us",
    "countryPhoneCode": "+1"
  },
  {
    "name": "Uruguay",
    "isoCountryCode": "uy",
    "countryPhoneCode": "+598"
  },
  {
    "name": "Uzbekistan",
    "isoCountryCode": "uz",
    "countryPhoneCode": "+998"
  },
  {
    "name": "Vanuatu",
    "isoCountryCode": "vu",
    "countryPhoneCode": "+678"
  },
  {
    "name": "Vatican City",
    "isoCountryCode": "va",
    "countryPhoneCode": "+39"
  },
  {
    "name": "Venezuela",
    "isoCountryCode": "ve",
    "countryPhoneCode": "+58"
  },
  {
    "name": "Vietnam",
    "isoCountryCode": "vn",
    "countryPhoneCode": "+84"
  },
  {
    "name": "Wallis and Futuna",
    "isoCountryCode": "wf",
    "countryPhoneCode": "+681"
  },
  {
    "name": "Yemen",
    "isoCountryCode": "ye",
    "countryPhoneCode": "+967"
  },
  {
    "name": "Zambia",
    "isoCountryCode": "zm",
    "countryPhoneCode": "+260"
  },
  {
    "name": "Zimbabwe",
    "isoCountryCode": "zw",
    "countryPhoneCode": "+263"
  }
]
